{"cameraMode":{"drawMode":0,"name":"Shaded","section":"Shading Mode"},"sceneLighting":false,"audioPlay":false,"sceneViewState":{"m_AlwaysRefresh":false,"showFog":true,"showSkybox":false,"showFlares":true,"showImageEffects":true,"showParticleSystems":true,"showVisualEffectGraphs":true,"m_FxEnabled":true},"in2DMode":false,"pivot":{"x":-13.525650978088379,"y":0.46095317602157595,"z":15.569427490234375},"rotation":{"x":-0.19666364789009095,"y":-0.19875553250312806,"z":0.04075836390256882,"w":-0.9592887163162231},"size":1.6833657026290894,"orthographic":false}