{"cameraMode":{"drawMode":0,"name":"Shaded","section":"Shading Mode"},"sceneLighting":false,"audioPlay":false,"sceneViewState":{"m_AlwaysRefresh":false,"showFog":true,"showSkybox":false,"showFlares":true,"showImageEffects":true,"showParticleSystems":true,"showVisualEffectGraphs":true,"m_FxEnabled":true},"in2DMode":false,"pivot":{"x":-0.11805105209350586,"y":0.479498952627182,"z":12.600000381469727},"rotation":{"x":-0.005268496461212635,"y":-0.8646872043609619,"z":0.5022426247596741,"w":-0.009076240472495556},"size":0.5810998678207398,"orthographic":false}