{"cameraMode":{"drawMode":0,"name":"Shaded","section":"Shading Mode"},"sceneLighting":false,"audioPlay":false,"sceneViewState":{"m_AlwaysRefresh":false,"showFog":true,"showSkybox":false,"showFlares":true,"showImageEffects":true,"showParticleSystems":true,"showVisualEffectGraphs":true,"m_FxEnabled":true},"in2DMode":false,"pivot":{"x":-0.30792999267578127,"y":10.251608848571778,"z":9.479574203491211},"rotation":{"x":-0.16942636668682099,"y":-0.6251237392425537,"z":-0.1415356695652008,"w":0.7487164735794067},"size":0.36406582593917849,"orthographic":false}